{"BatchChecker": {"0.1_2": {"times": [3.0994415283203125e-05, 2.002716064453125e-05, 1.9073486328125e-05, 1.7881393432617188e-05, 1.8835067749023438e-05, 1.9311904907226562e-05, 1.7881393432617188e-05, 1.8835067749023438e-05, 1.811981201171875e-05, 1.9073486328125e-05], "sizes": [0, 0, 0, 0, 0, 0, 0, 0, 0, 0], "avg": 2.0003318786621095e-05}, "0.1_3": {"times": [3.2901763916015625e-05, 3.314018249511719e-05, 3.1948089599609375e-05, 3.1948089599609375e-05, 3.2901763916015625e-05, 3.1948089599609375e-05, 3.314018249511719e-05, 3.218650817871094e-05, 3.314018249511719e-05, 3.1948089599609375e-05], "sizes": [0, 0, 0, 0, 0, 0, 0, 0, 0, 0], "avg": 3.2520294189453126e-05}, "0.1_4": {"times": [5.1021575927734375e-05, 5.1021575927734375e-05, 5.125999450683594e-05, 4.982948303222656e-05, 5.1021575927734375e-05, 5.125999450683594e-05, 5.078315734863281e-05, 4.982948303222656e-05, 5.125999450683594e-05, 5.078315734863281e-05], "sizes": [0, 0, 0, 0, 0, 0, 0, 0, 0, 0], "avg": 5.080699920654297e-05}, "0.1_5": {"times": [0.00012493133544921875, 7.915496826171875e-05, 7.915496826171875e-05, 7.891654968261719e-05, 7.915496826171875e-05, 7.796287536621094e-05, 7.82012939453125e-05, 7.891654968261719e-05, 9.226799011230469e-05, 7.796287536621094e-05], "sizes": [0, 0, 0, 0, 0, 0, 0, 0, 0, 0], "avg": 8.466243743896485e-05}, "0.1_6": {"times": [0.00011324882507324219, 0.00011205673217773438, 0.00011205673217773438, 0.00011205673217773438, 0.00011205673217773438, 0.00011301040649414062, 0.00011610984802246094, 0.00015020370483398438, 0.00011396408081054688, 0.00011706352233886719], "sizes": [0, 0, 0, 0, 0, 0, 0, 0, 0, 0], "avg": 0.00011718273162841797}, "0.1_7": {"times": [0.00016117095947265625, 0.00015401840209960938, 0.0001571178436279297, 0.00015997886657714844, 0.0001609325408935547, 0.00015735626220703125, 0.00015425682067871094, 0.00020384788513183594, 0.0002551078796386719, 0.0002181529998779297], "sizes": [0, 0, 0, 0, 0, 0, 0, 0, 1, 1], "avg": 0.0001781940460205078}, "0.1_8": {"times": [0.00021505355834960938, 0.00030803680419921875, 0.00039696693420410156, 0.00045490264892578125, 0.0003008842468261719, 0.0002129077911376953, 0.00021386146545410156, 0.00021600723266601562, 0.00020599365234375, 0.000209808349609375], "sizes": [0, 0, 0, 0, 1, 0, 0, 0, 0, 0], "avg": 0.00027344226837158205}, "0.1_9": {"times": [0.0003590583801269531, 0.0003669261932373047, 0.00028324127197265625, 0.0002751350402832031, 0.0009050369262695312, 0.0002951622009277344, 0.00037097930908203125, 0.00027489662170410156, 0.0006887912750244141, 0.00030303001403808594], "sizes": [1, 1, 0, 0, 1, 0, 1, 0, 1, 0], "avg": 0.00041222572326660156}, "0.1_10": {"times": [0.00044798851013183594, 0.0004458427429199219, 0.0003478527069091797, 0.00039196014404296875, 0.0003571510314941406, 0.0003440380096435547, 0.0006163120269775391, 0.00043892860412597656, 0.00045299530029296875, 0.0005130767822265625], "sizes": [1, 1, 0, 0, 0, 0, 1, 1, 1, 1], "avg": 0.0004356145858764648}, "0.25_2": {"times": [2.09808349609375e-05, 1.9073486328125e-05, 1.9073486328125e-05, 1.9073486328125e-05, 1.9073486328125e-05, 1.7881393432617188e-05, 1.9073486328125e-05, 1.811981201171875e-05, 1.8835067749023438e-05, 1.8835067749023438e-05], "sizes": [0, 0, 0, 0, 0, 0, 0, 0, 0, 0], "avg": 1.9001960754394532e-05}, "0.25_3": {"times": [3.695487976074219e-05, 3.6716461181640625e-05, 3.62396240234375e-05, 3.6716461181640625e-05, 3.695487976074219e-05, 3.600120544433594e-05, 3.600120544433594e-05, 3.600120544433594e-05, 3.695487976074219e-05, 3.719329833984375e-05], "sizes": [0, 0, 0, 0, 0, 0, 0, 0, 0, 0], "avg": 3.657341003417969e-05}, "0.25_4": {"times": [6.29425048828125e-05, 0.00010418891906738281, 0.00010085105895996094, 6.794929504394531e-05, 7.081031799316406e-05, 6.29425048828125e-05, 9.989738464355469e-05, 6.389617919921875e-05, 6.198883056640625e-05, 7.033348083496094e-05], "sizes": [0, 1, 1, 0, 0, 0, 1, 0, 0, 0], "avg": 7.658004760742187e-05}, "0.25_5": {"times": [0.0006680488586425781, 0.0001461505889892578, 0.00034809112548828125, 0.00015306472778320312, 0.0008778572082519531, 0.0001468658447265625, 0.00015091896057128906, 0.00014090538024902344, 0.00015115737915039062, 0.000675201416015625], "sizes": [2, 1, 2, 1, 2, 1, 1, 1, 1, 1], "avg": 0.0003458261489868164}, "0.25_6": {"times": [0.00013780593872070312, 0.0014619827270507812, 0.003008127212524414, 0.0013768672943115234, 0.004518985748291016, 0.0025589466094970703, 0.0013120174407958984, 0.0021898746490478516, 0.008729219436645508, 0.0015718936920166016], "sizes": [0, 3, 3, 3, 3, 3, 3, 3, 3, 3], "avg": 0.0026865720748901365}, "0.25_7": {"times": [0.005715847015380859, 0.01503610610961914, 0.002649068832397461, 0.0031957626342773438, 0.026828765869140625, 0.011043787002563477, 0.003772258758544922, 0.014142036437988281, 0.005690097808837891, 0.0031621456146240234], "sizes": [5, 5, 4, 5, 5, 5, 4, 5, 5, 5], "avg": 0.009123587608337402}, "0.25_8": {"times": [0.042636871337890625, 0.05780982971191406, 0.07479071617126465, 0.03378796577453613, 0.011976003646850586, 0.027664899826049805, 0.14471769332885742, 0.02721405029296875, 0.016680002212524414, 0.07706689834594727], "sizes": [8, 8, 8, 8, 7, 8, 8, 8, 8, 8], "avg": 0.05143449306488037}, "0.25_9": {"times": [0.3148679733276367, 0.3284931182861328, 2.9138951301574707, 0.0993950366973877, 0.04431891441345215, 0.18751835823059082, 0.3325161933898926, 0.21281909942626953, 0.05933403968811035, 0.08472442626953125], "sizes": [11, 11, 11, 11, 10, 11, 11, 11, 10, 11], "avg": 0.45778822898864746}, "0.25_10": {"times": [0.42210912704467773, 0.8338108062744141, 0.7802176475524902, 0.7384259700775146, 0.4028289318084717, 0.9583292007446289, 0.4785768985748291, 1.0467751026153564, 1.322502851486206, 0.5880980491638184], "sizes": [15, 15, 15, 14, 15, 15, 15, 15, 17, 15], "avg": 0.7571674585342407}, "0.4_2": {"times": [0.0001468658447265625, 2.09808349609375e-05, 1.9073486328125e-05, 1.8835067749023438e-05, 2.002716064453125e-05, 1.8835067749023438e-05, 1.9311904907226562e-05, 1.9788742065429688e-05, 1.9073486328125e-05, 1.8835067749023438e-05], "sizes": [0, 0, 0, 0, 0, 0, 0, 0, 0, 0], "avg": 3.216266632080078e-05}, "0.4_3": {"times": [4.935264587402344e-05, 4.1961669921875e-05, 4.1961669921875e-05, 4.315376281738281e-05, 4.506111145019531e-05, 4.601478576660156e-05, 4.601478576660156e-05, 4.220008850097656e-05, 4.1961669921875e-05, 4.506111145019531e-05], "sizes": [0, 0, 0, 0, 0, 0, 0, 0, 0, 0], "avg": 4.4274330139160154e-05}, "0.4_4": {"times": [0.0004448890686035156, 0.0002880096435546875, 0.00028514862060546875, 0.00025773048400878906, 0.0005521774291992188, 0.0006148815155029297, 0.0002589225769042969, 0.0002849102020263672, 0.0003020763397216797, 0.0002560615539550781], "sizes": [2, 2, 2, 2, 2, 2, 2, 2, 2, 2], "avg": 0.0003544807434082031}, "0.4_5": {"times": [0.0054857730865478516, 0.010213851928710938, 0.011666059494018555, 0.014288902282714844, 0.014246940612792969, 0.012041091918945312, 0.00693202018737793, 0.01192784309387207, 0.007258176803588867, 0.014400959014892578], "sizes": [5, 5, 5, 5, 5, 5, 5, 5, 5, 5], "avg": 0.010846161842346191}, "0.4_6": {"times": [0.047525882720947266, 0.03690505027770996, 0.05368328094482422, 0.06771707534790039, 0.08792805671691895, 0.09731817245483398, 0.10130715370178223, 0.0445561408996582, 0.051622867584228516, 0.04344606399536133], "sizes": [8, 8, 8, 8, 8, 8, 8, 8, 8, 8], "avg": 0.0632009744644165}, "0.4_7": {"times": [0.3354990482330322, 0.3143327236175537, 0.2883632183074951, 0.25394606590270996, 0.21657800674438477, 0.24270081520080566, 0.1617879867553711, 0.32456398010253906, 0.1591949462890625, 0.17391371726989746], "sizes": [12, 12, 12, 12, 12, 12, 12, 12, 12, 12], "avg": 0.24708805084228516}, "0.4_8": {"times": [0.5956418514251709, 1.064457893371582, 0.9312407970428467, 0.8499751091003418, 1.2884738445281982, 1.5250821113586426, 1.4348220825195312, 1.4869298934936523, 1.0284919738769531, 0.8422589302062988], "sizes": [17, 17, 17, 18, 17, 17, 17, 17, 17, 17], "avg": 1.1047374486923218},