{"NaiveChecker": {"0.1_1": {"times": [5.2928924560546875e-05, 2.8848648071289062e-05, 2.3126602172851562e-05, 2.193450927734375e-05, 2.2172927856445312e-05, 2.09808349609375e-05, 2.09808349609375e-05, 2.09808349609375e-05, 2.09808349609375e-05, 2.09808349609375e-05], "sizes": [1, 1, 1, 1, 1, 1, 1, 1, 1, 1], "avg": 2.5391578674316406e-05}, "0.1_2": {"times": [6.580352783203125e-05, 5.1021575927734375e-05, 4.792213439941406e-05, 4.696846008300781e-05, 5.4836273193359375e-05, 5.078315734863281e-05, 4.887580871582031e-05, 5.078315734863281e-05, 0.00011706352233886719, 5.1975250244140625e-05], "sizes": [0, 0, 1, 1, 0, 0, 1, 0, 0, 0], "avg": 5.8603286743164065e-05}, "0.1_3": {"times": [0.00010395050048828125, 9.584426879882812e-05, 0.00010418891906738281, 0.00010418891906738281, 0.00010275840759277344, 9.393692016601562e-05, 0.000102996826171875, 0.00010204315185546875, 0.0001571178436279297, 9.584426879882812e-05], "sizes": [0, 1, 0, 0, 0, 1, 0, 0, 0, 1], "avg": 0.00010628700256347657}, "0.1_4": {"times": [0.00017404556274414062, 0.00017499923706054688, 0.00015997886657714844, 0.00017499923706054688, 0.0001609325408935547, 0.0001761913299560547, 0.0001761913299560547, 0.0001609325408935547, 0.00016188621520996094, 0.00017714500427246094], "sizes": [0, 0, 1, 0, 1, 0, 0, 1, 1, 0], "avg": 0.00016973018646240234}, "0.1_5": {"times": [0.0003509521484375, 0.0002880096435546875, 0.000308990478515625, 0.00030994415283203125, 0.0003650188446044922, 0.0002989768981933594, 0.000308990478515625, 0.0003139972686767578, 0.0003418922424316406, 0.0003159046173095703], "sizes": [0, 0, 0, 0, 1, 0, 0, 0, 0, 0], "avg": 0.0003202676773071289}, "0.1_6": {"times": [0.0006971359252929688, 0.0004987716674804688, 0.0004971027374267578, 0.0004239082336425781, 0.0005199909210205078, 0.00047397613525390625, 0.0004839897155761719, 0.0004718303680419922, 0.0005309581756591797, 0.00048470497131347656], "sizes": [0, 0, 0, 1, 0, 0, 1, 1, 0, 0], "avg": 0.0005082368850708007}, "0.1_7": {"times": [0.0008327960968017578, 0.0007381439208984375, 0.000823974609375, 0.0007030963897705078, 0.0008351802825927734, 0.0006210803985595703, 0.0006580352783203125, 0.0007450580596923828, 0.0008707046508789062, 0.0008311271667480469], "sizes": [0, 0, 0, 0, 0, 1, 1, 1, 0, 0], "avg": 0.0007659196853637695}, "0.5_1": {"times": [2.288818359375e-05, 2.09808349609375e-05, 2.09808349609375e-05, 2.09808349609375e-05, 2.002716064453125e-05, 2.09808349609375e-05, 1.9788742065429688e-05, 1.9788742065429688e-05, 2.09808349609375e-05, 2.0265579223632812e-05], "sizes": [1, 1, 1, 1, 1, 1, 1, 1, 1, 1], "avg": 2.0766258239746092e-05}, "0.5_2": {"times": [5.984306335449219e-05, 5.5789947509765625e-05, 5.984306335449219e-05, 5.984306335449219e-05, 7.581710815429688e-05, 5.91278076171875e-05, 5.888938903808594e-05, 7.605552673339844e-05, 7.510185241699219e-05, 6.008148193359375e-05], "sizes": [1, 1, 1, 1, 2, 1, 1, 2, 2, 0], "avg": 6.403923034667969e-05}, "0.5_3": {"times": [0.0001380443572998047, 0.00021696090698242188, 0.00015997886657714844, 0.00015020370483398438, 0.0001571178436279297, 0.00015926361083984375, 0.0001609325408935547, 0.0001590251922607422, 0.0002009868621826172, 0.00023221969604492188], "sizes": [0, 4, 1, 1, 1, 1, 0, 1, 4, 4], "avg": 0.00017347335815429688}, "0.5_4": {"times": [0.00043392181396484375, 0.0007181167602539062, 0.0004241466522216797, 0.0005271434783935547, 0.0005221366882324219, 0.0005028247833251953, 0.0005919933319091797, 0.0004699230194091797, 0.0005450248718261719, 0.0005018711090087891], "sizes": [5, 12, 4, 5, 7, 6, 9, 6, 11, 4], "avg": 0.0005237102508544922}, "0.5_5": {"times": [0.0013833045959472656, 0.0010480880737304688, 0.0032660961151123047, 0.0020868778228759766, 0.0019440650939941406, 0.001600027084350586, 0.0023779869079589844, 0.0009310245513916016, 0.0020248889923095703, 0.0013918876647949219], "sizes": [18, 10, 215, 119, 130, 33, 6, 11, 42, 21], "avg": 0.001805424690246582}, "0.5_6": {"times": [0.008816719055175781, 0.0028727054595947266, 0.012909173965454102, 0.006033182144165039, 0.01600170135498047, 0.01236414909362793, 0.003551006317138672, 0.016228199005126953, 0.00970315933227539, 0.005692958831787109], "sizes": [472, 4, 1168, 114, 11, 304, 144, 850, 399, 268], "avg": 0.009417295455932617}, "0.5_7": {"times": [0.03891801834106445, 0.01871800422668457, 0.02267313003540039, 0.015501022338867188, 0.03485369682312012, 0.092041015625, 0.031394004821777344, 0.024763107299804688, 0.03766989707946777, 0.06256103515625], "sizes": [1388, 468, 14, 796, 1, 14227, 778, 712, 1039, 3278], "avg": 0.037909293174743654}, "0.9_1": {"times": [5.125999450683594e-05, 2.6226043701171875e-05, 2.4080276489257812e-05, 2.288818359375e-05, 2.288818359375e-05, 2.09808349609375e-05, 2.002716064453125e-05, 2.1219253540039062e-05, 2.002716064453125e-05, 2.002716064453125e-05], "sizes": [1, 1, 1, 1, 1, 1, 1, 1, 1, 1], "avg": 2.4962425231933594e-05}, "0.9_2": {"times": [7.224082946777344e-05, 6.723403930664062e-05, 8.821487426757812e-05, 8.678436279296875e-05, 6.771087646484375e-05, 6.508827209472656e-05, 6.723403930664062e-05, 8.678436279296875e-05, 8.58306884765625e-05, 0.0004112720489501953], "sizes": [1, 1, 3, 3, 1, 1, 1, 2, 2, 0], "avg": 0.00010983943939208984}, "0.9_3": {"times": [0.00037288665771484375, 0.0003521442413330078, 0.00034499168395996094, 0.0003459453582763672, 0.0003631114959716797, 0.0003447532653808594, 0.0003418922424316406, 0.0003380775451660156, 0.0004527568817138672, 0.00034308433532714844], "sizes": [9, 18, 3, 18, 18, 3, 3, 18, 26, 4], "avg": 0.00035996437072753905}, "0.9_4": {"times": [0.0016858577728271484, 0.00183868408203125, 0.0024919509887695312, 0.002006053924560547, 0.0016891956329345703, 0.0017802715301513672, 0.004004955291748047, 0.001806020736694336, 0.0019199848175048828, 0.0038080215454101562], "sizes": [148, 102, 205, 10, 8, 120, 292, 84, 8, 292], "avg": 0.0023030996322631835}, "0.9_5": {"times": [0.02000117301940918, 0.04271388053894043, 0.021615028381347656, 0.04371786117553711, 0.020933866500854492, 0.016261816024780273, 0.02381730079650879, 0.028063058853149414, 0.027640104293823242, 0.033167123794555664], "sizes": [977, 35, 1824, 3945, 1252, 1144, 1551, 1548, 2118, 2650], "avg": 0.027793121337890626}, "0.9_6": {"times": [0.4789721965789795, 2.658924102783203, 0.5411839485168457, 0.47617411613464355, 0.5387542247772217, 1.048353672027588, 0.8114442825317383, 1.1440300941467285, 0.5687360763549805, 0.7088487148284912], "sizes": [23178, 49234, 32911, 20598, 23658, 71144, 198, 66755, 41005, 26487], "avg": 0.897542142868042}, "0.9_7": {"times": [44.46707725524902, 42.3549530506134, 72.4029278755188, 43.09543585777283, 53.27405619621277, 67.01376605033875, 58.488150119781494, 44.21638083457947, 70.99501705169678, 45.05639410018921], "sizes": [1377796, 1285320, 1404779, 866914, 1102995, 1076, 1115814, 853495, 1672715, 1344021], "avg": 54.13641583919525}}}