{"TwoFlipPathChecker": {"0.1_1": {"times": [0.00011801719665527344, 1.5735626220703125e-05, 1.4066696166992188e-05, 1.2636184692382812e-05, 1.3113021850585938e-05, 1.2874603271484375e-05, 1.2874603271484375e-05, 1.2874603271484375e-05, 1.2159347534179688e-05, 1.4066696166992188e-05], "sizes": [1, 1, 1, 1, 1, 1, 1, 1, 1, 1], "avg": 2.384185791015625e-05}, "0.1_2": {"times": [1.5020370483398438e-05, 1.1920928955078125e-05, 1.0967254638671875e-05, 1.0967254638671875e-05, 1.0967254638671875e-05, 1.0013580322265625e-05, 1.1205673217773438e-05, 1.0013580322265625e-05, 1.1205673217773438e-05, 1.0013580322265625e-05], "sizes": [1, 0, 0, 0, 0, 0, 0, 0, 0, 0], "avg": 1.1229515075683594e-05}, "0.1_3": {"times": [1.2159347534179688e-05, 1.0967254638671875e-05, 1.2159347534179688e-05, 1.3113021850585938e-05, 1.2159347534179688e-05, 1.2159347534179688e-05, 1.5974044799804688e-05, 1.5974044799804688e-05, 1.5974044799804688e-05, 1.2159347534179688e-05], "sizes": [0, 0, 0, 0, 0, 0, 1, 1, 1, 0], "avg": 1.3279914855957032e-05}, "0.1_4": {"times": [1.3113021850585938e-05, 1.4066696166992188e-05, 1.71661376953125e-05, 1.3113021850585938e-05, 1.1920928955078125e-05, 1.5974044799804688e-05, 1.5974044799804688e-05, 1.6927719116210938e-05, 1.6689300537109375e-05, 1.2874603271484375e-05], "sizes": [0, 0, 1, 0, 0, 1, 1, 1, 1, 0], "avg": 1.4781951904296875e-05}, "0.1_5": {"times": [1.5020370483398438e-05, 6.67572021484375e-05, 1.4781951904296875e-05, 1.8835067749023438e-05, 1.4781951904296875e-05, 5.626678466796875e-05, 4.506111145019531e-05, 2.4080276489257812e-05, 4.410743713378906e-05, 1.430511474609375e-05], "sizes": [0, 0, 0, 0, 0, 2, 0, 2, 0, 0], "avg": 3.139972686767578e-05}, "0.1_6": {"times": [1.5974044799804688e-05, 1.5974044799804688e-05, 1.5974044799804688e-05, 4.601478576660156e-05, 4.38690185546875e-05, 1.52587890625e-05, 6.29425048828125e-05, 2.09808349609375e-05, 1.4781951904296875e-05, 1.7881393432617188e-05], "sizes": [0, 0, 0, 0, 0, 0, 0, 1, 0, 1], "avg": 2.6965141296386717e-05}, "0.1_7": {"times": [5.507469177246094e-05, 0.0001220703125, 5.602836608886719e-05, 6.103515625e-05, 0.000102996826171875, 1.6927719116210938e-05, 4.696846008300781e-05, 4.601478576660156e-05, 7.390975952148438e-05, 4.38690185546875e-05], "sizes": [0, 3, 2, 0, 0, 0, 0, 0, 0, 0], "avg": 6.248950958251954e-05}, "0.1_8": {"times": [1.71661376953125e-05, 9.584426879882812e-05, 5.793571472167969e-05, 9.417533874511719e-05, 1.811981201171875e-05, 0.00011801719665527344, 0.0015578269958496094, 0.00014019012451171875, 7.796287536621094e-05, 1.8835067749023438e-05], "sizes": [0, 0, 0, 2, 0, 2, 1, 0, 2, 0], "avg": 0.00021960735321044922}, "0.1_9": {"times": [9.083747863769531e-05, 0.0001609325408935547, 5.507469177246094e-05, 2.09808349609375e-05, 7.295608520507812e-05, 0.00023889541625976562, 0.00013494491577148438, 1.9788742065429688e-05, 2.8133392333984375e-05, 0.012323141098022461], "sizes": [0, 3, 0, 0, 0, 1, 4, 0, 2, 0], "avg": 0.0013145685195922851}, "0.5_1": {"times": [2.3126602172851562e-05, 1.5974044799804688e-05, 1.4066696166992188e-05, 1.3113021850585938e-05, 1.3113021850585938e-05, 1.2874603271484375e-05, 1.3113021850585938e-05, 1.2874603271484375e-05, 1.2874603271484375e-05, 1.3113021850585938e-05], "sizes": [1, 1, 1, 1, 1, 1, 1, 1, 1, 1], "avg": 1.4424324035644531e-05}, "0.5_2": {"times": [5.984306335449219e-05, 1.1920928955078125e-05, 5.1975250244140625e-05, 1.5020370483398438e-05, 5.0067901611328125e-05, 4.887580871582031e-05, 1.2159347534179688e-05, 1.4066696166992188e-05, 1.5020370483398438e-05, 5.817413330078125e-05], "sizes": [2, 0, 2, 1, 2, 2, 0, 1, 1, 2], "avg": 3.371238708496094e-05}, "0.5_3": {"times": [5.793571472167969e-05, 9.584426879882812e-05, 1.3113021850585938e-05, 3.218650817871094e-05, 1.5974044799804688e-05, 3.314018249511719e-05, 4.100799560546875e-05, 3.409385681152344e-05, 8.106231689453125e-05, 3.504753112792969e-05], "sizes": [2, 7, 0, 1, 0, 1, 0, 2, 7, 2], "avg": 4.394054412841797e-05}, "0.5_4": {"times": [8.487701416015625e-05, 8.225440979003906e-05, 0.00047087669372558594, 0.00034308433532714844, 0.00010704994201660156, 0.0002651214599609375, 8.20159912109375e-05, 0.00013113021850585938, 0.00020122528076171875, 6.198883056640625e-05], "sizes": [7, 6, 6, 18, 2, 25, 4, 2, 11, 3], "avg": 0.00018296241760253906}, "0.5_5": {"times": [0.0003027915954589844, 0.0003139972686767578, 0.0006740093231201172, 0.00016999244689941406, 0.00018286705017089844, 0.00019121170043945312, 0.0003600120544433594, 0.0005221366882324219, 0.00018787384033203125, 0.00017404556274414062], "sizes": [8, 15, 30, 11, 10, 12, 21, 26, 8, 12], "avg": 0.00030789375305175783}, "0.5_6": {"times": [0.001965045928955078, 0.01438283920288086, 0.0009212493896484375, 0.004751920700073242, 0.0023040771484375, 0.0007770061492919922, 0.0007097721099853516, 0.0006620883941650391, 0.0009279251098632812, 0.0010068416595458984], "sizes": [55, 152, 52, 90, 39, 60, 43, 45, 41, 65], "avg": 0.002840876579284668}, "0.5_7": {"times": [0.01153111457824707, 0.0010571479797363281, 0.002441883087158203, 0.0038499832153320312, 0.008883953094482422, 0.007983684539794922, 0.030251741409301758, 0.027103900909423828, 0.012993097305297852, 0.0026481151580810547], "sizes": [305, 84, 115, 110, 186, 151, 196, 97, 244, 167], "avg": 0.010874462127685548}, "0.5_8": {"times": [0.0224759578704834, 0.041869163513183594, 0.011209964752197266, 0.03855299949645996, 0.03615880012512207, 0.07056307792663574, 0.00577998161315918, 0.039757728576660156, 0.02338099479675293, 0.04415416717529297], "sizes": [641, 913, 111, 767, 440, 1660, 174, 1432, 470, 1183], "avg": 0.03339028358459473}, "0.5_9": {"times": [0.11555910110473633, 0.6679069995880127, 0.05110597610473633, 0.11232304573059082, 0.0554811954498291, 0.0567319393157959, 0.14451885223388672, 0.3647501468658447, 0.0472869873046875, 0.16359496116638184], "sizes": [1795, 13824, 871, 3760, 1280, 1282, 2361, 7241, 1286, 4185], "avg": 0.1779259204864502}, "0.9_1": {"times": [2.9087066650390625e-05, 1.5974044799804688e-05, 1.5020370483398438e-05, 1.3113021850585938e-05, 1.4066696166992188e-05, 1.4066696166992188e-05, 1.2874603271484375e-05, 1.3113021850585938e-05, 1.3113021850585938e-05, 1.2874603271484375e-05], "sizes": [1, 1, 1, 1, 1, 1, 1, 1, 1, 1], "avg": 1.5330314636230468e-05}, "0.9_2": {"times": [2.6941299438476562e-05, 1.9073486328125e-05, 6.699562072753906e-05, 2.3126602172851562e-05, 3.1948089599609375e-05, 1.5020370483398438e-05, 1.4781951904296875e-05, 6.198883056640625e-05, 1.9073486328125e-05, 6.008148193359375e-05], "sizes": [2, 2, 7, 2, 2, 0, 0, 7, 2, 7], "avg": 3.3903121948242185e-05}, "0.9_3": {"times": [0.0002989768981933594, 7.700920104980469e-05, 0.0001888275146484375, 7.104873657226562e-05, 6.318092346191406e-05, 7.43865966796875e-05, 6.985664367675781e-05, 6.604194641113281e-05, 0.00020503997802734375, 7.915496826171875e-05], "sizes": [33, 8, 18, 6, 4, 8, 6, 6, 23, 8], "avg": 0.00011935234069824219}, "0.9_4": {"times": [0.000244140625, 0.0003490447998046875, 0.000164031982421875, 0.00019693374633789062, 0.00024390220642089844, 0.0008730888366699219, 0.0008072853088378906, 0.00023818016052246094, 0.00018525123596191406, 0.007797956466674805], "sizes": [25, 32, 12, 21, 24, 74, 63, 20, 18, 129], "avg": 0.0011099815368652345}, "0.9_5": {"times": [0.012972831726074219, 0.0013170242309570312, 0.0009400844573974609, 0.0009710788726806641, 0.0010747909545898438, 0.0013391971588134766, 0.002274036407470703, 0.0010371208190917969, 0.001360177993774414, 0.0014731884002685547], "sizes": [402, 74, 84, 82, 107, 114, 114, 71, 101, 128], "avg": 0.0024759531021118163}, "0.9_6": {"times": [0.06761908531188965, 0.020689964294433594, 0.00821685791015625, 0.015774965286254883, 0.02488994598388672, 0.005773782730102539, 0.013347148895263672, 0.047807931900024414, 0.01059722900390625, 0.026865005493164062], "sizes": [2781, 772, 613, 610, 758, 484, 623, 654, 526, 650], "avg": 0.024158191680908204},